Contract,open_mean,open_std_dev,open_std_err,open_t_stat,open_p_value,high_mean,high_std_dev,high_std_err,high_t_stat,high_p_value,low_mean,low_std_dev,low_std_err,low_t_stat,low_p_value,close_mean,close_std_dev,close_std_err,close_t_stat,close_p_value
GCM24E.CMX,4.487015800269212,4.943119710619779,0.01568793818895115,286.0169224423239,0.0,4.457602397415247,4.934776272802288,0.0156614586892775,284.6224279522003,0.0,4.562855388058752,4.956922351692113,0.015731743516894523,290.0413029972579,0.0,4.485236683837336,4.943188323561953,0.015688155945278896,285.8995473707729,0.0
GCZ23E.CMX,4.426001818523855,3.60443166966104,0.00965586314861349,458.3745389100089,0.0,4.405693997159474,3.59608344999875,0.00963349921610448,457.33060213410334,0.0,4.51399075372911,3.614044933145896,0.0096816159898735,466.24352364837904,0.0,4.427559046118605,3.604754417596475,0.009656727753683491,458.4947571323779,0.0
